content,label
我与京东已相识9年,|
真的无话可说,|
当然自营快递时效也是相当的高效,|
尾片温度高与宣传不符,|
物流很快性价比高,|
非常不错的小家电,|
温度太慢,|
具体怎么样不知道,|
车费都要花大几十,|
格力品牌质量就是好,|
想拒收就说要承担45元运费,|
太迷你了,|
取暖特别慢,|
不会再在这家店买第二次,|
可是使用了发现还挺好的,|
当天上午买下午就到了,|
这款电暖器在十多平的屋子里开的话,|
价格不是很贵,|
十万分感谢,|
一提起就自动停机,|
一个小时房间仍然没暖和,制热效果
把门窗闭实开到2200瓦30度的最高功率和最高温度,|
就是没有声音的,|
太恐怖??了,|
之前买了艾美特的踢脚线取暖器,|
耗电情况：这个没有注意,产品功耗
希望看见这条追评的朋友,|
冬天有的时候衣服没有干,|
最近变天我才开始用,|
取暖效果：热的很快静音效果：声音非常小,|
浴室洗澡必入,|
还不给退款,|
快递很棒,|
底座安装方便,|
就是有点小费电,产品功耗
静音效果优秀,|
开着坐旁边才能暖和,制热效果
烤手挺不错,|
使用时不同档位声音大小也不同总体来说声音控制的不错,|
尤其自营商品,|
关键是电暖器就得买好的品牌,|
转天就能送到,|
超级实用方便,|
水褥子,|
暖和安全设计：考虑周全,制热效果
在江苏老家使用,|
很满意的一次网购还没有用,|
自带加湿器,|
但是还是觉得心里不踏实,|
评价比较晚,|
安全模式很好,|
冬天换尿不湿,|
叠小放在衣架上,|
也许只有抱到烤都不知道那些好评是钱买来的吧,|
还能不下床调整温度,|
有小孩晾衣服也很方便,|
觉得暖风机和油酊各有优势,|
用了几天不错买家太度好,|
用起来就不会干燥,|
没有那么好用,|
就是纳闷京东还随机赠送东西给我：一条划痕+一根头发其他评论可以看看上面的一条评论,外观
这次又买了一台对衡式的,|
每天早上豆把宝宝衣服烤暖和给他穿非常棒,制热效果
非常管用,|
同款买的这是第三个,|
安全其他特色：加湿盒和架子很有用处哦刚买回来兴奋的取快递,|
两个小时升了5度,|
在接近20平方的房间效果明显,|
南方广东,|
听不到太大噪音,|
比电暖气好用一点,|
安全设计：之前是先买的智米,|
开一晚上也感觉不到热,制热效果
挺好的放卧室里面,|
电费在*元左右静音效果：静音效果还是相当棒的,产品功耗
还没开到过高档,|
外观设计：出几口从下出来更好,|
取暖效果：在小房间还可以,|
睡眠不好的会被惊醒,|
这个价格很值得,|
外观设计：土,|
整个卧室加温的效果要等正式使用后才能知道,|
手机端购买的上面没有这个退货条款,|
系列也不错,|
收到后使用几天才来评价,|
夏天用三个空调最高才三四百的电费啊,产品功耗
插电就能用,|
虽然是石英热管,|
东西效果不是很好打开半个小时手放在上面一点也不烫,制热效果
夏天不好放,|
慢慢的升温,|
你得等几个小时才会回复你呢,|
最先收到的一个快递,|
从另一间进来能感受到温差,|
一直从京东自营买,|
放在桌子上面吹的话会很方便很多,|
真是太恶心人了,|
适合面积小点的,|
京东自营发货速度快,|
放盒水效果更好,制热效果
基本够用,|
有股难闻的怪味,味道
可以走个好评,|
浴室里能增加温度,|
静音效果：不太行,|
有防倾倒断电装置,|
买了没什么作用,制热效果
什么时候给我退款,|
使用感受说不上好不好,|
没有想象中的好,|
除了制热慢和用电高之外几乎就无缺点可找了,制热效果
重口难调,|
供热稳定,|
上温较快,|
白色散热片看起来干净、耐脏,|
洗澡不冷了,|
根本就暖和不起来,制热效果
热量大外观设计：小巧,|
外观设计：漂亮取暖效果：非常差,制热效果
用的也非常好,|
属于小巧型的,|
售后说不报销维修费,|
希望都能让购物更便捷,|
不良商家,|
更重要的是家里的电线总跳闸,|
安全设计：初用感觉有味道,味道
这款电暖风体积小,|
不到1分钟,|
宝宝衣物及大人都可以挂两边或上面烘干,|
看不明白了都,|
这样富有人性化和亲和力的店家,|
开窗换气,|
先用着吧,|
静音效果：非常耗电,产品功耗
其他特色：理论上是比暖风机好用,|
和我心里想的一模一样,|
联系客服感觉比老百姓找政府还要难,|
灯也不亮了,|
在办公室用非常好,|
适合小范围适用,|
特适合15平方的南方使用,|
除了有点费电之外没有别的缺点,产品功耗
老婆很喜欢,|
遥控的很方便,|
送给父母冬天最好的礼物了,|
结果这么闹心,|
这些评价都是水军吗,|
京东物流一如既往的给力,|
后面再来追评吧,|
不知道取暖效果怎么样,|
耗电情况：哇哦,产品功耗
就开始升温了,|
她说要我去售后,|
买过很多产品了,|
开机两秒就热了,|
牢骚有点多只是一些建议,|
不太在意它了,|
一点都不热、而且超费电的,制热效果/产品功耗
样子挺好的,|
也不怎么占位置安全设计：没看到有发热红色的,|
放在卧室开最高档3小时,|
京东的东西当天买当天送到,|
真心觉得挺棒的,|
另外还有加湿功能暂时还没用,|
朋友买了tcl那款,|
前两张图是客厅的,|
非常方便便携,|
就是制热太慢,制热效果
顺便提高下室内温度,|
是目前快递里最满意的快递,|
已经被很多人夸了,|
无味好好好,|
连小太阳都比不上,|
说没声音的都是瞎扯,|
衣服一会儿就烘干了,|
但是需要加湿器屋里会偏干,|
非常不错的宝贝哟,|
我还等了半天还慌得很,|
暖气已收到,|
信价比高,|
以后会再来你家的,|
使用很安全,|
都看不到,|
本身就是不愿意折腾的人,|
给家里都安排上了,|
你就知道为什么了,|
突然间不制热,制热效果
唯一缺点,|
不易接触水而漏电其他特色：吹冷风也是个实用设计,|
做得非常好,|
正面下有保护开关,|
一如既往地好用,|
加入购物车等活动,|
其他特色：风扇也是先锋,|
耗电情况：耗电适中,产品功耗
设计比较人性化,|
容易烫到人,|
声音比空调都大,|
可信赖取暖效果：爸妈买的,|
放在小房间里还可以,|
电暖器关机时显示室内温度25度,|
而且的话就是换了一个衣架,|
个人还是喜欢小太阳,|
品牌的东西还是靠得住,|
贵的一千多,|
有用是有用,|
可以小爱同学控制,|
局部取暖挺方便的,|
耗电情况：一小时不到两度电,产品功耗
对方除了让你跳转至其他页面,|
没想到还没等到确认收货,|
取暖效果：可能是我房间比较高比较大,|
试用了一晚上效果还不错,|
客服小姐姐态度也很好,|
能用多久不知道,|
使用过程中经常出现跳闸断电的情况,|
让买家使劲吹嘘店家的产品,|
无暖气,|
反射区也还行,|
可以可以不错,|
总体来说比较满意,|
放在身旁挺好,|
初步试了一下,|
取暖器包装精致,|
靠近都感觉甚微,|
一个月都不到,|
耗电在可接受范围,产品功耗
取暖效果：制热速度挺快,|
希望要买好好选别家的,|
客服让我找天猫客服,|
今年买了寄回老家,|
静音效果：看网上有人说声音大,|
这款的静音效果真的很好,制热效果/声音
如果在10平方的小房间的话开着会暖,|
因为之前买的是电热扇觉得用得不安全才换这个的,|
和美的的同款,|
找个位置囤起来,|
制热不行退货还扣我45快递,制热效果
我只能说瓦数绝对没有虚标,|
开最强档的话热的很快,|
而且没有空调干燥,|
主要用来烘半干的小件衣服,|
就是因为热胀冷缩会响,|
买第二台了、一直使用格力,|
如果我收到一件好货肯定不会去找你售后故意找你茬,|
取暖效果：可以静音效果：无音,|
又试了一下,|
只有挨着电暖器还可以,|
绝对睡不着,|
能不出门最好不出门,|
很好用非常暖和哦,制热效果
每一次都有很满意的购物经历,|
不会烫伤小孩,|
整个办公室里都是味道,|
满屋子都热,|
没想到寄回确要寄河北,|
比过去的油汀要安静的多,|
照片前面的标志盖板后面没有铝片隔热小孩大人不小心或则调皮碰一下就立马烫伤非常危险尤其自家孩子比较好奇我刚开就跑过来摸太危险了,|
但是快递小哥实在是好,|
吹不到,|
有暖暖的感觉耗电情况：一小时得2度电静音效果：没声音我是空调,产品功耗
把手能够调节方位,|
你们这有点骚扰了明白吗,|
这款带遥控器,|
取暖效果：暖风十足,|
暖脚足够用,|
不过开两次就没有了,|
前几年一直用空调,|
1分钟左右就温度基本就可以稳定,|
第一反应想退货,|
等到天冷再用,|
*热速度够快,|
一个人搬6楼,|
金色蛮好看的,|
耗电情况：耗电量有点大,产品功耗
12号就到了,|
关键是我们都还没感受周边温度有任何变化,|
一下就热起来,|
希望能用更久时间,|
颜值很高哈,外观
本人使用20天的某一天,|
感觉离开半米就没什么效果,制热效果
静音效果：定时后一直有噪音的,|
买了一个还没用让朋友要走了,|
我觉得热度来得并不快,|
简直没法过呀,|
竟然比预计早一天送到,|
建议放通风处,|
期待已久的取暖器,|
东西不错就是不太大,|
用起来等别方便,|
我家的电器基本上都是在京东购的,|
热来的太慢了,|
小房间内升温很快,|
昨天降温,|
我是急用,|
晾衣支架很实用,|
下单之后,|
问了半天几个小时才回,|
真值得购买,|
而且还贼费电,产品功耗
199元我就当买个教训,|
想放哪就可以随手拎到哪.温度控制有三档,|
店家不退货,|
耗电情况：需要专用线,产品功耗
没有一点声音没有,声音
尤其是嘉实特别好用,|
售前推到售后,|
还需要配合空调使用,|
没拆开真的是不需要啊,|
我把取暖器放在身边用都没有一点暖意,|
可以很好用,|
可是它感受附近的温度上来了,|
打算退了,|
刚好家里有点事,|
静音效果：非常的小,|
不吃哦,|
外观设计：好看啊,|
有误导消费者,|
目前用着挺暖和的,制热效果
简约风很喜欢,|
静音效果：完全惊艳,|
不过可以调节风力大小,|
放在办公室比较隐蔽,|
分为三挡可调,|
很喜欢在京东自营买东西,|
相信大品牌,|
如果说房间大一点的话,|
大品牌做工就是不一样,|
说当天下午给我电话,|
开最大档声音有点大,|
而且没有退换,|
安全设计：还看不出来,|
整体升温效果很好,制热效果
安全设计：小朋友如果将取暖器拎起来,|
十几平米的卧室,|
小宝宝不怕磕碰,|
插座都烧坏了,|
30平的房间一下子就暖和了,制热效果
取暖效果：不暖和,制热效果
耐用也就有安全保障其他特色：冬天衣服难干,|
效果特别差,制热效果
方便不烫手,|
用质量很好,|
京东快递速度棒棒哒,|
就是不知道再冷点怎么样,|
为了凑评论字数,|
价钱便宜嘛,|
加热慢,制热效果
在13平的卧室里用效果可以,|
外观差不多,|
温度升的很快,|
真的挺好的,|
一直没有人处理,|
合算,|
风速太慢了,|
取暖效果：刚打开低档又换到高档,|
至少没旧之前,|
客服总是说反馈了,|
发货送货速度很快,|
今天早上10点就到货了,|
体积移动起来也很方便,|
之前自己家里用的一个,|
换挡就乱响,|
只有人靠在跟前才感觉到一点点热气,|
晚上开着也很安静,声音
性价比还是一件不错的产品,|
此款电暖器已是再次购买,|
静音效果：没的声音,|
大品牌效果好,制热效果
机器热,|
劝大家千万不要上当,|
空调不开用这个也可以过冬了,|
外观设计：挺好的不错,|
客服不够专业,|
真的还不如小太阳,制热范围
主要是厕所洗澡用的,|
其他特色：总之很不错,|
劝亲们别冒这个险,|
放在办公室脚下,|
刚好放在脚边,|
才二百多块钱,|
每天早上起床插上电宝宝起床就不冷了,|
很推荐,|
搭在架子上,|
费点电算什么,|
外型很美观,|
给孩子洗澡就不怕孩子冷了,|
一直有用小米的产品,|
外观设计：效果比较好,制热效果
和没开一样,|
基本开一档就行,|
十大功率输出而且插头不是家用插座,|
*不到*元,|
20号还有催送货,|
买之前你问的时候特别积极,|
所以拿出来试机了一会,|
开机40分钟,|
我比较懒,|
插上电等等就暖和起来了,制热效果
外观设计：外观不很重要,|
耗电情况：没有整夜开过,产品功耗
开一会娃都嫌热,|
温度也就升了一点点,|
非常适合房间使用,|
没想象的暖和,制热效果
外观设计：漂亮取暖效果：好耗电情况：耗电大静音效果：静,产品功耗/制热效果
目前刚到货,|
到时候开着地暖晒太阳,|
艾美特的东西非常,|
不过这个油汀效果还是非常好,制热效果
咸鱼找我,|
今年买了一个先锋的,|
中国好配送员,|
在家里开着暖和多了,制热效果
也不是我的问题啊,|
就准备淘汰了,|
就开始慢慢挑选,|
不懂,|
买来有十来天了,|
冬天用了再来追评,|
外观设计：非常好收到很满意,|
应该比空调节约吧,|
而热量本来就是向上的,|
共分为三个档,|
打算买第二个,|
我主要是买来洗澡用的,|
100平的房子靠这个玩意儿,|
拿手上就感觉得出来,|
耗电是真的😭,产品功耗
外观设计：小巧美静音效果：声音小安全设计：倾斜就停了,|
艾美特的这款取暖器还是值得购买的,|
能感觉到热风往上吹,|
相对这个价格也算合理的,|
申请退货也不给我通过,|
产品质量很棒,|
静音效果：什么噪音,|
但是真的是暖和,制热效果
售后服务太差劲了,|
直接将屋里温度提升了,|
耗电情况：耗电一个小时在两度电左右而且不怎么暖和电暖气嘛也就耗电的确挺高的,产品功耗
缺点是开久了太干燥,|
晚上京东下单,|
届时补评,|
加个变动大,|
取暖发热速度很快,|
因为是给家里老人买的,|
我用了二晩坏了,|
不到一个月降了*-*,|
还不如买个烤脚炉,|
在家里使用增温快,|
店家服务的很周到店家的宝贝我很满意,|
整个房间真的是温度高几度的,|
今天妈妈收到了,|
颜色好看质感很赞,|
同时给其他买家作为参考,|
美的的售后给我打电话,|
打开很快就装好了,|
其他特色：包装完好无损送货人员服务态度很好,|
小孩冬天出生,|
耗电情况：未精测,产品功耗
我家就晚上开节能模式,|
40平的房间很快就暖和了,制热效果
给店家造成的困扰,|
电暖气烧热有气味,|
袜子??放上去一会就干了,|
办公条件限制,|
一点不用担心影响睡眠,|
彻底服了,|
一直是京东的忠实用户,|
那是温度达到了一定值自动开启待机模式,|
到手就拿来用了,|
拿到后就迫不及待的打开试了试,|
2014年买过一个艾美特的油汀,|
买的时候说是暖风机,|
所以特意模仿网友写下的这个模板,|
每**两度电,|
瓦开一天也废不了几度电,|
操作也简便,|
方便包宝玩耍,|
洗完澡进房间穿着睡衣一点都不冷了,|
京东加油＾０＾,|
外观设计：面板居然塑料拉丝了,|
很舒适因为房间较大没有想象中那么热,|
出风散热面积小,|
但是物流太慢了,|
安全设计：恰到好处,|
一直用这个品牌,|
*买到这种,|
为了安全,|
今早就到了,|
需求各不同,|
这两个后来打开,|
两台正常发货,|
安全设计：自动断电功能,|
不算很贵,|
这个东东不太热,|
所以就是踢脚线取暖器了,|
什么垃圾产品,|
没多长时间屋里就暖和了,制热效果
也没了温度,|
比我妈买的那个*块的小太阳差太远了,|
取暖效果：很快就热还不错,|
浴室根本没用,|
京东最差的一次购物,|
给宝宝哄衣服的,|
其他特色：整体来说还不错,|
只是不需要开电热毯了,|
还可以烘干口罩等小衣物,|
还比较划算,|
放在卧室和卫生间逗挺适合的,|
App连接使用也很方便,|
正好阴天派上用场,|
商家给我拒了,|
放卧室还可以,|
丹鸟快递真扯淡有多远给发多远还不送货,|
而且我们在农村,|
直接就是废品,制热效果
具体不清楚,|
稍微调一下温度就会一直自动关,|
卧室比较小,|
设计的不是特别复杂,|
机壳手摸不烫手,|
宝宝冲完凉用不错,|
不到一个月降*,|
很喜欢哦,|
三个功率,|
冬天终于不冷了,|
搬动容易,|
天冷换尿不湿也用,|
有嗡嗡声,|
还可以用券,|
安全设计：反正加热中我是一点不敢碰的,|
老妈买来要放在地下室的,|
打开整个房间温度有上去的,|
双十一前提前预购,|
但价格低,|
真特么服了,|
送货速度神速,|
好外观设计：好安全设计：好静音效果：可以,|
选择退货了,|
我只能说垃圾,|
联系客服也没人管,|
这是个幼稚园的想法,|
开着放在通风的地方吹一次就好了,|
20天下来就这么多,|
比吹风的好,|
房间就已经非常暖了,|
好货源,|
一点也没感觉,|
指头站在前面才有热气,|
桌底下等等,|
取暖效果：电烤炉取暖效果差不多,制热效果
格力很值得信赖,|
取暖效果：取暖效果比较理想,|
卧室十几平还开着暖气,|
卧室里根本没啥用,|
那个加湿盒感觉也没多大用,|
疯狂购物,|
推拉跟方便,|
散热量微热起不作用,|
而且吹出来的热风上升后整个人都很暖,|
外观我喜欢,|
升温忙,|
等你的票我都等跨年了,|
货还好,|
取暖设备必不可少,|
耗电情况：还没感受,产品功耗
相当凑活,|
工作完全没有声音,声音
等天气凉了在用,|
取暖效果棒棒极了,|
家里有小孩打空调总感觉干燥,|
开3档都不行,|
侧翻断电,|
东西外观好好,|
特地用了几天来评论,|
高档打开就只能感觉房间不冷,|
京东的快递无话可说,|
我很喜欢美的的产品,|
东西有质感,|
但是有了小孩子就不行了,|
如今像林依晨这样大胆爆出素颜照,|
联系了客服可以退差价,|
外观设计：简约美观取暖效果：重点推荐下,|
质量有待提高,|
跟空调一起开才稍微热一点,|
其他特色：质量不错哦,|
开关就是两个按键比较简单,|
不是京东,|
安全设计：安全也就一个倾倒断电,|
市面上这类产品很多,|
客服说会退差价,|
后来放卧室开2000勉强还有点温度,|
就是用电暖气比较干,|
还没用老爸说看起来还行,|
这是买的第2个取暖器了,|
连个电话都没有,|
相差三天,|
不过估计只能很小的地方用,|
可能也是应该习惯温度升起来了,|
京东这速度没谁了,|
实在是买得起,|
可根据需要选择功率,|
取暖效果：暖暖的陪我们过冬,|
给客服点赞??,|
屋里不会冷啦,|
直接和我说睡醒了再买就好,|
但好像很多地方里面都是空的,|
只能近距离的取暖,|
双十一期间买的,|
取暖效果：现在用是很暖和,制热效果
取暖烘衣一举两得,|
刚买一天就降价了,|
散热比较均匀的那种,|
25号到今天1.4号我用了200多元钱,|
这到底是什么原因,|
一冬天都很暖,|
无赖只有确认收货,|
小小的13片暖气,|
暂时总体很满意的,|
默认好评吧,|
取暖效果：15个平方的房间和还有一个空调房间打起来的效果一样,|
老人小孩都说这下不用在挨冻了,|
还是有小的声音,|
而且会发出很大的响声,|
做工比较好,|
热冷风2档选择,|
开的一档,|
商家和物流都很给力,|
要求退换货,|
一般够用耗电情况：具体没测过,产品功耗
感觉今年不冷,|
但是早几年前买的两个油汀都很好用,|
可惜制热效果和想象有差距,|
也比较容易调节到合适的档位,|
安静温暖如春,|
放在浴室正好,|
可是刚过双11就降20块,|
但收到后就有太阳了,|
京东价保很给力,|
才能有效果,|
用久了有点微热,|
也可放浴室,|
因为怕天天空调宝宝受不了,|
安全1500w的功率,|
满意不错,|
还可以当炉子的手把,|
VCR做的好就是欺骗消费者的吗,|
刚好这个小东西可以满足需要,|
就是有气味,|
收货后试用,|
衣服就被烘干了,|
使用后再来评吧,|
我是真心想买,|
便宜了,|
联系客服推来推去的,|
安全设计：说是倾倒自动断电,|
申请说了48小时上门,|
况且退的话,|
以前在实体店买的效果很好,制热效果
已经使用了,|
哈哈??心动不如行动,|
好不容易熬到了天猫还有一天就可以退款给我了,|
待以后用了再评价,|
因为我买来房间用,|
应该比较安全,|
并没有评论说的那么好,|
不用再到外面的浴室去了,|
晚上下单第二天早上到家,|
应该看功率多少的问题,|
冬天没暖气用这个的话,|
能出来说句话吗,|
放办公室里用的,|
开一个晚上屋子都不暖,|
着急穿的衣服放在上面很快就烘干了,|
很轻便很方便,|
瞬间温度就提升了,|
至于电费嘛,产品功耗
取暖效果：升温快,|
比较满意这次购物,|
冬天最怕宝宝着凉了,|
效果不错整个房间都暖和了,制热效果
就是我客厅20平左右感觉温度升不上来,|
调温度开关还会闪光,|
商家跟我处理过了,|
物流更快,|
小房间保温保湿效果还不错,|
有点高估了,|
除了发货太慢太慢,|
比电风扇的噪音还大,|
要是能定时就更完美了,|
一米内有温度,|
使用效果还不错没燥音,|
买的第二台了非常方便主要没有声音,|
这就是你们解释的孕婴防烫吗,|
一次说登记差价等退款专员退款即可,|
这个已经买的第二个了,|
第一次使用有点味道,味道
收到货几天没用,|
后一位一般,|
现在现在沦为给小孩烘干衣物,|
这款的插头是16a的,|
取暖效果：取暖面积大效果好,制热效果
取暖效果：发热速度很快,|
取暖效果：刚开始用效果还挺好的,制热效果
此款电油汀性价比很高,|
安全设计：安全性可以,|
我刚买完就减了*,|
下次有需要的时候还会光顾的,|
就放在一边了,|
大概6s左右热气就迎面而来,|
仁者见仁吧,|
取暖效果：基本正常房间大小就已经很暖和了,制热效果
这东西比较鸡肋,|
用了几天没问题了才来评价的,|
我开一个晚上,|
客服晚上十二点多还在,|
100块上门自提需要咩,|
基本开启十几分钟,|
一会儿房间就暖和起来了,制热效果
就是味道重,味道
到货调试了一下,|
很好用已推荐同事们购买,|
要用两个小时以上,|
静音效果：比之前买的别的牌子声音小一些,|
很纠结,|
超值非常的好,|
看着非常大,|
这是买的第二台送给家人用,|
孔对的不是很标准呢,|
有高低功率之分,|
运费险就赔8块,|
这真的是在京东买的最吃亏的一件东西了,|
打开一看款式很高档,|
谢谢送的礼物,|
开一个晚上都还能冻**,|
很管用解决了供暖前期挨冻的问题,|
开启后只是上升温度不是太明显,|
平均每天就开两小时,|
送给老人家的礼物,|
但是就是感觉热的速度不够快,|
为何开启后很大的味道,|
比空调好用还省电,产品功耗
收到就试用了一下感觉不错,|
热度正好,|
有凉风档,|
应该还是比较经济吧,|
小朋友在厅里玩耍很舒服,|
希望能耐用,|
打开不一会房间就很暖了,|
一个正面回答都没有,|
客服态度也呵呵哒,|
而且包装非常精致,|
肯定的说上当了,|
整体感觉很不错,|
就变1档,|
关上的时候偶尔会有咔咔的响音,|
可还行,|
还是官方大牌子呢,|
回来用了一晚上目前看还是不错的,|
自己的问题,|
这第三代的应该跟棒的,|
价格依然美丽,|
还好吧,|
大的不行,|
不知要怎么处理,|
晾物品比直接放在暖气上更安全,|
也不觉得吵,|
有水盒,|
这就是品牌,|
现在很好用没什么问题,|
后续又陆续购买多次,|
还好格力的产品还是值得国人信赖的,|
不过不常开的,|
还好有强大的设备在手,|
耗电太多了,产品功耗
客服一直就说是铁片温差大导致的,|
很强,|
这样不怕冷了,|
品牌的品质就是不一样,|
东西是个好东西就是不知道费电不,产品功耗
家里有老人和小孩必备的,|
给宝宝洗澡挺好用,|
加热起来有味道,味道
已完美解决,|
邮回老家的,|
风口大,|
已经收到了取暖器,|
电源线在右边,|
晚上有点吵,|
冬天用什么都耗电的,产品功耗
夜深人静的时候比较明显,|
我娃是全村人的希望,|
大小高低刚刚好,|
也挺轻便,|
取暖兼烘干,|
稍微有点耗电,产品功耗
南方的冬天一般都很阴冷,|
开最大,|
放在家里也不占地方,体积大小
先锋的其他取暖器家里一直用,|
等一个小时大概都是只有25读的热度,|
符合要求,|
就是随便撺起来的物品,|
耗电情况：可以接受静音效果：几乎没声音安全设计：很安全,产品功耗
其他特色：可以暖袜子,|
不过格力品质应该不错吧,|
确实很好用,|
个人感觉比较鸡肋,|
退回去运费都*块,|
外观简洁耐看,|
侧面或者向上使用更方便,|
这双十二的活动力度也不小,|
耗电情况：最高档相当于空调的用电,产品功耗
死活说不影响使用而且是我逾期反应问题,|
办公室够用了,|
外观设计：圆润取暖效果：三档快静音效果：无噪音,声音
安全设计：方便安全,|
）内在就是质量,|
简单定时孩子也喜欢,|
卧室一会儿就热了,|
可没用,|
收到有两天了,|
现在我每日必须的任务就是逛京东秒杀,|
买来试试看,|
目前为止用得挺好的,|
不过只能在小面积卧室用,|
耗电情况：一小时1-2.2度,产品功耗
怕冷的女生可以下手一台,|
在此再次表扬客服,|
散热效果很好,制热效果
见到大方,|
问了好几次客服,|
外观设计：简洁、流畅取暖效果：效果明显,|
稳亏不赚,|
老人家舍不得用不知道开箱了没有哈过年回去在现场核查看看,|
2档必须个点距离才行了,|
亮瞎眼,|
隐藏式烘衣架设计值得点赞,|
天冷了就可以用上了,|
取暖效果：用的效果很明显,|
白色很搭,|
八脉为之一畅,|
退货邮费100多,|
还要买一个给父母,|
这点比空调好外观设计：喜欢这种颜色,|
非常严实,|
应该比空调省电,产品功耗
大品牌的东西不错,|
前台很享受,|
要给个大大的赞,|
热的速度真的好快,|
客服夏兰很耐心,|
放在浴室给宝宝洗澡很不错,|
静音效果：静音还是非常静音的,声音
董明珠真有你的,|
颜色是那种灰白色的,|
没用几天,|
孩子还嫌弃太暖和了,制热效果
这两天上海阴天,|
耗电量在能接受的范围内,产品功耗
风扇也是非常的强,|
其他特色：唯一的缺点就是开关位置不好,|
靠近才会很热,|
知道会耽误别人的事情吗,|
第一感受还是不错的,|
其他特色：唯一刚开机有异味,|
最低档就很合适,|
安全设计：不稳也会自动关机,|
正好周一送到单位,|
我们退差价,|
老公很喜欢,|
整个房间暖起来很快,|
有种高级感,|
唯一的遗憾是没有电池,|
覆盖面积更大,|
感觉拆过非原装,|
桑心,|
着急给宝宝烘疝气带,|
从此洗澡不怕冷了,|
造型与众不同,|
还是很耐心,|
就看到艾美特,|
室内开最低档大约可以达到16度,|
第一个使用了这么长时间不曾出问题,|
没噪音很安静,声音
解答问题很及时,|
从外观颜色到做工那都是相当的美丽,|
估计是太重,|
制热（最高档）感觉也一般吧,|
比预想的好点,|
12月25号下单的,|
疫情期间也给配送,|
美的品牌真的值得购买,|
今天刚到货还没有使用,|
想退了换另外款的,|
超过一米的地方,|
头略低,|
安全性肯定更好,|
挺好的外观设计：简洁大方,|
再用就不行了,|
实在受不了,|
喜欢他的美观大气,|
没什么#,|
外观设计：小巧干净不占地方,体积大小
出乎想象,|
温暖十平方房间大概需要半小时以上,|
家里都有触电保护的,|
但是小巧实用,|
只好上墙插了,|
优秀的油丁它需要一个优秀的品牌,|
静音效果：真的棒,|
两年前买的机器现在还在使用中,|
取暖器上方三十厘米左右就感受不到热量了,|
其他特色：家里已经买了先锋的小太阳,|
活动好,|
安全设计：有防烫,|
提醒我倒了以后要正着放两到三个小时才能使用,|
适合十平米左右的小卧室或者办公室,|
效果很差一点也不暖和,制热效果
比较有发言权吧,|
体验过,|
适合不同需求,|
太坑了这个破玩意,|
没有设置一个卡扣,|
安全设计：断电设计很重要,|
风速也很大,|
外观设计：外观还是很漂亮的,|
直接寄回老家给妈妈了,|
本来还想再买两台,|
在这个屋子住过一晚,|
毕竟有一千多瓦静音效果：声音大,|
实现远程遥控,|
用了一个来月,|
取暖效果：取暖真的是超级赞,|
客服h小何是跟我玩呢吧,|
是因为在办公室有暖气我只要热脚底就行,|
暖风范围也不大,|
迫不及待的加入购物车,|
买来给宝宝穿衣服用的,|
整个空间从头到脚都暖和,制热效果
占地也不是很大取暖效果：插上立马就可以吹热风耗电情况：耗电肯定是大点的,产品功耗
感觉不碍事,|
放卫生间给孩子洗澡用的,|
可以温暖空间也还行就一块暖气片的作用,|
不会烫着,|
是非常失败的一次购物体验,|
家里的油汀一直是先锋的牌子,|
外观设计：十分完美,|
京东速度最给力,|
还有怪怪的气味,|
取暖效果：暖的很快静音效果：没有声音外观设计：好看,制热效果/声音
无法形容了,|
外观设计：漂亮取暖效果：好静音效果：没有声音其他特色：有加湿器空气不干,制热效果
莫名的瞪眼,|
到手价279,|
晾物架的设计有改良,|
冬天烘衣服特别好用的,|
强迫收货,|
外观设计：简单大器好用,|
主要是质量很好,|
客服贝拉米特别耐心,|
不影响入眠,|
客服回复及时,|
方便又暖和,制热效果
取暖效果：效果一般吧没有想象的好,制热效果/制热效果
建议京东不要再用这个物流,|
开到二十度以上才会暖和,制热效果
还想再来一台,|
第二不好修,|
开着**响,|
只唯一的缺点就是出口处防护罩挺烫,|
但是售后太差,|
我房间大了,|
等暖气来的时候就靠它了,|
这是我一直喜欢的一个暧机的品牌,|
热风小档和大档,|
送到合适的地方去用,|
小卧室用足够了,|
冬天坐月子不用担心着凉了,|
取暖器也购买艾美特,|
最值得吐槽的就是快递,|
这是最要命的点,|
皮肤也不会干燥,|
凭什么要用户出运费,|
产品加热性能不错,|
不是对着吹的,|
在浴室里加热很快,|
比其他的油汀窄很多,|
退货要邮费,|
可以用一下,|
很后悔买了,|
我就挑来挑去,|
不错超静音,声音
其他暂时没发现啥问题,|
客流大就增加客服啊,|
大概一个多小时就能感到室温升高了,|
太幸运了,|
没有比图片上看起来更小巧,|
安全设计：一点点倾斜就自动断电了,|
倾倒断电实测反应很快,|
只试了一下功能都可以,|
渴得快,|
暖气出得非常快,|
双十二的价格真的是可以说超级超级给力,|
家里没温度计,|
顶上的皮绳非常方便,|
做工肯定比100带点点的好,|
外观设计：扣手设计不太好,|
20平方的房间2个小时都不能暖起来,|
应该比空调要省电吧,产品功耗
觉得不错自己也买了一个,|
图片和实物一样,|
取暖取暖器超级好用,|
暖器收到,|
升温效果不是很好,制热效果
就不暖和了,制热效果
只要打开,|
刚好天气冷,|
风力还挺大的,|
希望可以多用几年,|
用起来非常舒服,|
开高风吹起还很烫,|
没有其他品牌暖和,制热效果
就是容易自动停止,|
跑过去拿还要寄存费3元,|
出风口向上的,|
估计到冬天没太阳的时候烘衣服方便,|
外观材质：外观大气,|
10天200的电费,产品功耗
心里总不是个滋味,|
看着心烦,|
外观设计比较简洁,|
装配简单,|
就是有时候**响,|
静音效果：静音的话毕竟是油丁的,|
而且安装也非常方便,|
外观设计：简单美观,|
放办公室正好使用,|
布包装袋在,|
看起来跟厚实,|
外观设计：非常棒,|
公司年会给员工抽奖,|
机身手摸还是烫手的,|
几个小时过去了温度一点么有,|
报价也太差了,|
但是用了一点也没有感觉,|
耗电情况：非常的耗电,产品功耗
而且还不像写的那样,|
可能是刚开始使用的原因,|
到货到服务点直接已签单,|
裙子觉得非常实用,|
这个最让我恶心??,|
房间热的非常快,|
供暖效果好,制热效果
放房间试用了效果不好,制热效果/制热效果
真的是很差劲,|
不错小巧精致,|
一个小时一度多的电,|
明天到,|
帮同事买的小组礼品,|
几分钟房间就很暖了,|
关键是代言人还帅??,|
冬天就暖和了,制热效果
说双十一如果更便宜会退我差价的,|
曾经用过的油汀现在又回归这种取暖方式了,|
效果还不如去年在店里买的功率小一点的,|
一个人两个人使用还够,|
估计他不会,|
不重而且组装方便,|
女朋友很开心,|
就是占位置,|
合起来不取*元,|
配送速度超级快,|
你们家为什么快递单贴在箱子底部,|
价格优惠质量好,|
连接小爱音响折腾了好久,|
问客服为什么会响,|
家中的空调等电器基本都是美的而且电器南昌城又是本省方便快捷,|
体积虽小,|
感觉广告夸大效果了,|
甚至开长了还热,|
放客厅都没感觉,|
影响性能,|
只适用于局部范围加热,|
调至最高档,|
小房间制热可以,|
因为当时老人在家自己装不了,|
东西大品牌不错,|
外观设计：可以取暖效果：极差,制热效果
但是效果要比电阻丝的要过好,制热效果
而且很快就收到了,|
耗电情况：还行吧,产品功耗
暂未拆开,|
变形严重,|
很差的商家,|
拿在手里有分量,|
打开立即来了热,|
只用智能来答非所问,|
现在零上十一二度呢,|
为什么关掉后会有声音,|
用一小时后即无异味了,味道
主要是之前在北方呆过几几年,|
郑重声明质量一点都不好,|
热度没有大的感觉高,|
而且能耗也很底,|
房间睡觉开一整晚能保持比外面高五度以上,|
艾美特升温快一点温度稍微高一点,|
取暖器收到非常方便实用,|
外观设计：6666666漂亮的,|
太大功率了,|
因为相信大品牌,|
售后说有一点气味,|
那样才会暖一点,|
样子还挺好看,|
热气本来就是向上走的,|
一开始以为没有说明书和保修卡呢,|
买它回来过年,|
小苹果客服很耐心,|
取暖效果：屋子越小,|
合不合格谁说清楚,|
加上颜色深,|
其他特色：支架功能很人性化,|
连续几天阴雨天,|
也不知道,|
既方便又好用,|
但是特别静音,|
外观设计：简单大方颜色也是我喜欢的,|
取暖效果：开了二档大概10秒内就热了静音效果：比之前买的声音小一些味道稍微有点大,味道
谢谢处暑客服,|
在买空调的时候送的,|
但如果有电池的话感觉就很不一样了呢,|
客厅、书房、卫生间各一个,|
祝京东生意兴隆,|
空气的话还是会偏干,|
验货试用了下感觉还不错,|
就一律发表情,|
11.11活动时购买的价格实惠,|
开了三挡升温后转2档,|
开了一次,|
开三挡暖的很快,|
本来因为暖风机比较吵和干才买的,|
小米真的很多家电蛮实用,|
所以选择品牌是没得错的,|
具有180度的摇头功能,|
货未打开用,|
持续输出热量,|
要靠近才觉得暖,|
在南方的冬天,|
呼啦啦呼啦啦的暖气就来了,|
洗衣服的时候我也放旁边,|
美的油汀取暖非常好,|
此物质量非常好,|
外观的设计很不错,|
还有质量问题,|
开到最大也才那个效果,|
而且发热也挺快的,|
昨晚买今早到疯狂打电话,|
就是我自己感觉噪音有点大,|
希望可以长久的使用,|
比较适合一切家庭电路使用,|
不用在阳台上挂很多湿答答的衣服了,|
20多平的屋子正好够用,|
售后只会踢皮球不解决问题,|
老婆说制热挺快的,|
京东实惠方便,|
主要是出热风的速度很快,|
买回来试了下,|
今后洗澡也不受冻了,|
其他特色：贵,|
南方的冬天实在是伤不起啊,|
静音效果：开到最大声音非常小,|
取暖效果：打开一分钟不到马上就有热气了,|
空间大的可能稍微差一点,|
静音效果：噪声很小,|
比较一下哪个好用,|
使用起来刚好合适,|
犹豫下单,|
洗澡的时候放旁边用,|
换了挡不会变色的,|
然后还送的晾衣架,|
商品在黑名单内不参与价保,|
加热效果多不行,|
之前一直考虑买不买,|
而且一买来上边的晾衣架就碎了,|
但是一直觉得价格很贵,|
强力推荐这款,|
暖气上带的置物架很方便,|
用节能模式会有哒哒的声响,|
尺寸大,|
总体来说性价比高,|
必然消耗,|
没有店家说的那么防烫,|
强劲、一会功夫房间就暖暖的了噪音不大,|
京东商城棒,|
取暖效果：还行外观设计：时尚简约静音效果：挺安静,|
非常满意需要的友友们可以放心购买,|
非常非常不错非常非常不错啊,|
安全性挺高的,|
买到一个不能用的垃圾,|
公司一直使用这个,|
早晨开一会儿浑身暖和耗电情况：公用电,产品功耗
比燃气那种暖气片会省很多,|
怕熏到宝宝,|
还发了一个朋友圈,|
安装底座的材质要是金属的就更好,|
不对着吹不热,|
还有就是经常有叭叭声,|
取暖器小面积使用还是挺好的,|
朋友们可以选择,|
买来给妈妈的房间取暖的,|
可以放在台面上用,|
离地倾倒马上断电很安全,|
快递速度快,|
希望冬天可以让老人家暖和点,制热效果
现在京东送货不是送到家的,|
小米可惜没有买到智能版的,|
上面还有一个架子,|
小小的还挺暖和,制热效果
三挡调节风力调节,|
这次仍然没让我失望,|
温度很舒服,|
满不满意,|
取暖效果：加热速度还是比较快的,|
一点都付责任,|
活动的时候购买的,|
好大一股胶味,|
也费气费钱,|
喜欢的可以放心购买哦做工很可以,|
看中了这款美的的取暖器,|
刚到货里面散发的味很大,|
加热后没有噪音,声音
只会把顾客推来推去,|
昨天晚上才买的,|
商家居然发的是二手货,|
还没有感觉暖呢,|
帮朋友再来一个,|
窗子采用断桥铝材料,|
不知道是新的还是什么原因,|
要是再大一点就更好,|
来这屋里温度比外面都暖和,制热效果
靠得近暖和,制热效果
还能玩,|
昨晚拿回来就试了下,|
京东有本事,|
其他特色：还是那个,|
其中暖气差价210元,|
反正我觉得冬天室内室外温度不需要相差太大这样我能接受很好很好,|
因为你会被冻死,|
放在房间里真的特别适合,|
白色的更好看,|
139块刚买了一个星期,|
开了几分钟就很热了,|
质量可以说是非常好了,|
并且倾斜自动关机,|
开了几个小时只有在面前热,|
优点：1）方便,|
快递员小哥非常快,|
很满意的商品,|
转角圆润,|
看起来很上档次,|
给家人都买了,|
不知道为什么这次的是薄片,|
我替厂家羞愧,|
风不够大,|
但盒子挺大的,|
但是我不用补差价,|
价位而且比较平民,|
但是一点也不干,|
等了一个多星期没有任何进展,|
跟北方的暖气片差不多,|
静音效果：有哄哄声,|
加热过程还可以接受,|
安全设计：我完全没有体会到有这个自动跳的感觉,|
整晚不干,|
热气很快就没了,|
不想空调那么干燥,|
通过适当调节开关大小来控制电费,产品功耗
取暖需求比较高的,|
取暖效果：取暖速度特别快,|
到现在也没人很我联系说补发的事,|
客服非常棒,|
很好哒,|
只要能用就好了,|
简洁取暖效果：快去制热耗电情况：比较耗电静音效果：没有声音安全设计：蛮不错其他特色：太费电,产品功耗
回家使用了一下,|
外观设计：小巧玲珑、美观,|
安全性能非常人性化,|
昨天晚上小孩要写作业已经拿出来用了今天让我退,|
这个倒了自动断电的,|
是想象的模样,|
客厅差一点,|
等到1月14了,|
不错关键是噪音很小的,|
这是真的格力产品吗,|
电暖气收到试用了一下,|
对于京东网上商城的服务很满意的,|
对了还可以定时、调节温度,|
外观设计：面板配色都不错取暖效果：加热快,制热效果
外观设计：漂亮取暖效果：可以静音效果：声音很小安全设计：很好,制热效果/声音
外观设计：外观简约又时尚,|
一般5分钟卧室就暖和了,制热效果
适合娃娃使用,|
能退款吗,|
客服小苹果声音很好听,|
高档味道重,味道
幸亏是运气好,|
好评安全设计：触摸到了也不会非常烫手,|
外观设计：出色还是很结实的,|
放到小卧室内只有跟前有点热气,|
而且只用来给宝宝换尿不湿用,|
这个整体还不错,|
可仰面可俯视很方面,|
不用再纠结放哪个台面上,|
天天用,|
但是房间热的挺快的,制热效果
物流配送速度很快,|
直接安装使用,|
已经烤了好几天了,|
外观设计：小巧,|
外观设计：大方明了,|
外观材质：材质不错,|
很快就好了,|
老板服务态度很好,|
这是我淘宝购物上一次愉快满意的购物,|
浴室暖和真得很舒服,制热效果
电暖气耗电太猛,产品功耗
安装师傅服务非常好??,|
我是直接搭在上面的,|
安全设计：中间有温控设置,|
按钮不太顺手,|
能达到超快速度,|
大家买的时候问清楚,|
垃圾店铺垃圾商品,|
通电五分钟这样,|
孩子后以后写字不冷喽,|
光运费就要100多,|
反应问题不给退货,|
防水自带倾倒断电保护,|
取暖效果：取暖效果开出后就有风,|
开了快一天,|
配送员送货很快,|
有了它我们都很少用空调了,|
宝宝换纸尿裤时好用静音效果：没什么声音外观设计：时尚漂亮,|
我觉得噪音稍大,|
取暖效果：卧室里完全够用,|
自己开车去提的,|
刚开机有点声音启动起来就好了,|
说明指向性比较好,|
但是这味真的有点大,|
你没能达到预期效果,|
产品很不错,|
.,|
这是官方回答,|
以为是落地的,|
退货却要退到广东去,|
客服催了,|
艾美特电暖器这些年市场占有率还比较高,|
您们这款价位要知道是这样完全可以选择其它品牌,|
选这款电暖气是有原因的,|
几个小伙伴一起买的,|
很安全取暖效果：很棒静音效果：有点噪音,|
下次还会再买的,|
耗电情况：3档可调节,产品功耗
反正不满意,|
一分钱一分货值得购买,|
与商品描述相符,|
应该还可以,|
屋里暖烘烘,|
开个3/5分钟就会觉得温度上来点了,|
结果把我退货退款驳回,|
网子也不烫手,|
外观设计：好取暖效果：室温10&deg,|
试了试升温不怎么快,|
昨天收到,|
京东自营的产品好,|
慧米洛凡还有猫米白鸽还有好几个都很好,|
用来烘干衣服不错,|
放在边上也不占地方,体积大小
又买了个螺丝刀回来拧它,|
收到货保价失败,|
特人性化,|
不让用煤球炉子了,|
十七八平的小客厅完全够用,|
轮子不稳,滑轮提手
其他特色：好好好,|
是否有必要为了这个去买呢,|
吸入冷的空气鼻塞到睡不着真的好难受,|
声音好,|
很方便物流快,|
南方冬季阴雨天的福利,|
还是骗人的美丽谎言,|
耗电情况：确确实实比较耗电,产品功耗
客服的态度也挺好,|
外观设计：外观漂亮与落地风扇一样升降3档调节和左右摇头,外观
为什么我觉得不是很热和呢,|
开最大档最大功率,|
这点确实做工可以,|
洗澡时用非常不错,|
白天再也不用艰难的摆脱温暖的被窝了,|
价格买贵了*,|
取暖效果：小范围内还是提温度较快的,|
20平方开三档,|
物流真快,|
第一次买给老人的,|
结果没有,|
孩子们非常喜欢,|
声音太大太吵,|
取暖效果：坐在附近,|
包装箱子都是完好无损,|
拒绝理由却是保障已超时效,|
最好点评快递：发货很快,|
价格比较便宜,|
尤其是生鲜类的,|
只有靠近他50cm范围才有温度吧,|
一天开10个小时就是20度电,|
有了这台油丁衣服不愁每天干干爽爽了,|
下边得放个凳子,|
挺温暖,|
格力看来也就做做空调,|
开个6**W就足够热了,|
这个很快就热了,|
可能我更喜欢那种普通的小太阳多一点,|
以验证真实有用不做假,|
家里老人用了很满意,|
给家里双方老人也买了,|
这价格要什么自行车,|
打开没一会儿就热了,|
双十一228购入价,|
运费险只能退20块钱,|
油漆味道很大,味道
双十一物流稍慢,|
实用性真的很不错,|
祝小康小暖阳每天开开心心,|
旗舰店推给天猫,|
明显是被压过的,|
不占位子,|
京东单独挑选的,|
买的时候天气比较暖和就没有怎么使用,制热效果
这款还不错,|
也就覆盖20平的范围,|
继续使用后再看,|
平均15分钟停一次,|
一个人烤还行,|
过年没人来修,|
都一个多礼拜了,|
升温较慢,制热效果
挨近才能取暖,|
本来想给五星好评,|
颜值很多,|
取暖效果：看着没那么暖和,制热效果
半个小时不到15平方的房间就比较温暖了,|
由于在卧室里使用,|
典型卖得好就质量越来越不行,|
上次一个艾美特两年歇菜了,|
聚划算,|
老人也可以一学就会,|
取暖效果：房间还可以,|
白色+香槟金,|
冷了一段时间,|
用于浴室的,|
最高档800+1200同时开,|
但是要靠近才比较明显,|
费电带回老家用的,产品功耗
买来就从来没用过,|
双十二优惠入的手,|
一直对小米的东西印象不错,|
着实让我觉得有点生气,|
先给京东物流点个赞,|
新机器一点声音也没有,|
要用墙插,|
我喜欢浅颜色的,|
先锋质量不错??,|
一般不好,|
所谓对衡式加热就是,|
慧米洛凡还有猫米白鸽还有慧米滑雨好几个都很好,|
就是费电1500瓦的,产品功耗
希望能用几年,|
功能强大发热快,制热效果
一直买这个品牌,|
总之是一次很满意的购物,|
外观设计：特别漂亮又实用匠心独特,|
现在买比较合算,|
也成了收货后没有再次找客服索要,|
这款电暖气用了之后家里老人觉得很好,|
取暖气在疫情间发货快,|
安装设计有点欠佳,|
外观设计：看上去高大尚,|
期待了几天,|
外观设计：艾美特大品牌,|
有时还找不到人,|
女儿有小暖宝宝了,|
看着电影喝着啤酒美滋滋哈哈哈哈,声音
给父母买的怕他们在取暖季到来之前太冷,|
一天都三四十的电费,产品功耗
加热温度大,|
（离近了当然能听出来）,|
先锋品牌高质量,|
收到就是个这样的,|
我觉得挺不错的,|
更加好,|
纸质发票还没收到,|
用最低档开10分钟左右屋里面就很暖和了,制热效果
开最大都没一点效果,|
房间升温也快,|
一般先开高档,|
白色设计款,|
发货特快,|
安全设计：这个还不知道,|
其他特色：安装容易方便,|
且客服明明保证送货上门,|
取暖效果：插上电热,|
升温还算快的,|
错过了7天试用,|
物流小哥态度也不错,|
外观设计：挺好看白色,|
没想到这至少有两个单人枕头那么大,|
所以再入手了,|
一次买了好多个,|
或者自己去售后网点购买配件,|
无论学习还是工作就舒服了,|
整整迟了一天,|
加热了一宿后再用就没啥味道了,味道
苏宁快递也给力,|
消费者就那么好欺负,|
就还是好评吧,|
家里有宝宝也不觉得吵,|
我要吐槽一下,|
可能是快到春节的原因吧,|
平方米左右,|
衣服干的很快哦,|
真的没用,|
起热风很快,|
希望可以耐用一点,|
要看房间大小,|
适合小平方的,|
开启后升温很快,|
而且它是可以分段定时的,|
一旦你付了钱,|
晾衣架不稳滑落,|
虚报温度,|
阳台烘衣服很给力,|
前面没有热量,|
不是那些杂牌货,|
时间也赶得非常好,|
用了近一月,|
这次也没有让我失望,|
外型也很漂亮看起来很精致,|
还可以选择是否摇头,|
就帮朋友又定啦一台,|
耗电情况：节能款,产品功耗
冷热风都好用,|
鸡肋一样的东西,|
暖度很快上升,|
完美的产品,|
冬天的福音啊,|
我觉得太小了,体积大小
正常使用中,|
给宝宝洗澡用特别好,|
外观设计：简洁大方取暖效果：优,|
外观设计：好看取暖效果：非常快安全设计：全,|
也太冷了,|
外观大气干净,|
不到三五折,|
不象卖说的那么好,|
冬天用起来很好,|
很想象的差的太远了,|
和我说正常,|
没客服没售后,|
防触电模式,|
这个特价时候买的,|
花了一百多运费换货,|
还行总体不错,|
1平米都吹不暖,制热范围
距离五十多厘米完全没用,|
都是拖吧,|
很暖和耗电情况：中规中矩,产品功耗
值得有需要的朋友购买哦,|
适合夜里起来喂奶,|
京东有这么一天,|
比空调升温快,|
据说还可以,|
其他特色：新潮好看,|
你细细品,|
不过也就只能热一个十平方左右的屋子,|
白搭100多就没退,|
一直选不好买哪款电暖气,|
之前看过测评,|
两脚安装简易,|
无论如何都没有实现,|
买来烤猫的,|
安全设计：把他推倒就自动的断电了,|
擦,|
小点的房间还是有制热效果的,|
送过来是损坏的,|
确实很费电,产品功耗
需要维修部门出具故障单才能退换货,|
我今天只能打淘宝客服讨要我的差价了,|
所以建议商家,|
不过肯定不能直接拿水浇吧,|
晚上下单第二天上午就到了,|
取暖效果：有3档风,|
人家直接甩一句个人感觉问题,|
打开后果不其然,|
开十几分钟后就有感觉到暖和了,制热效果
除了一堆复制粘贴的话,|
线上是否有差别,|
格力取暖器质量不错,|
开着很舒服,|
根本上没有返修率,|
加湿器有水声(不过加湿效果不咋滴)其他特色：没有任何异味,|
机器产生温度并不高,|
这次第一个送过来还没开箱就已经漏油了,|
差远,|
其他特色：还有个水槽,|
整屋加热应该费电些静音效果：有点声音,产品功耗
这么细的铁杆还碍地方,|
2、加热效果得开到最大才效果好,制热效果
后期热效果不错,|
室温达到20.5度,|
需要的亲们可以赶快去下单了,|
算是不小的优势,|
科技改变生活,|
还没开始用就发现降价了,|
东西不好热不起来,|
耗电情况：能小,产品功耗
热的面积不大,|
主要没风,|
之前宝宝洗澡都是去母婴店,|
打折买的话还是可以的,|
房间感觉不到热度,制热效果
有点异味,味道
最高档一个小时两度电,|
机器本身不沉方便移动,|
再送两个字,|
开一晚上也不热,|
省的我大冬天骑车去镇上了,|
外观质量都很好,|
不用等很久,|
使用感会更好的,|
这大件东西还那么沉,|
很安逸,|
有遥控装置,|
整个屋子非常温暖,|
前几天刚买一个同一产品,|
收到货后还一直没用,|
有20来斤,|
家里有孩子冬天换尿不湿怕感冒了,|
物流也特别快,|
东西很重,|
闻完一杯,|
凑合吧,|
估计产品质量有问题,|
就看以后质量如何,|
今天最高气温28度,|
起床前开会,|
加遥控设计方便开关调节,|
石墨烯客服介绍,|
只是现在天气热,|
这个取暖器就没有这种状况,|
骗人的&lt,|
还有最重要的一点是,|
快去升温,|
现在我要自己承担一百的运费呵呵了,|
说实在话,|
冬天直接不管用,|
而且和暖气一样舒适,|
感觉制热还可以,|
16A的商家应该提醒,|
差劲差劲,|
自动-请求人工-等待-自动-请求人工-等待循环,|
就是耗电多,产品功耗
电暖风已收到质量很好声音很小,|
不过质量得不到保证,|
客服还说2-3天就没有了,|
南方人家里没暖气就是苦逼,|
也不是老用,|
完全影响不到孩子睡觉,|
用电非常大,|
只适合一个人用,|
对于冬天来说这款取暖器真的不错,|
没人搭理,|
京东这样的快递员这样的态度可不多的,|
取暖器功能很强大,|
双十一的时候抢了一个,|
最近降温了,|
这个房间里都很暖和,制热效果
收到货就打开了,|
间歇时间不同,|
收到就退回,|
油烟味很重,味道
出暖风非常好,|
以后再也不担心孩子洗澡感冒了,|
单纯从赠品一事说起,|
插上电出风立马就暖和了,制热效果
估计是热胀开的,|
快速热风,制热效果
可以过个暖和的冬天,制热效果
很小很轻,|
油汀灯都长这样,|
还是格力旗舰店,|
唯一缺点:商家价格管理混乱,|
终于换到一个质量不错的电暖气,|
冬天多亏有它,|
很美观漂亮、小巧不占地方节约空间,体积大小
16平米的房子足够了,|
热的速度有点慢,|
按说明书上的图安装好,|
不过还是不要指望能让一个房间暖和起来了,制热效果
我家浴室的电位设置都比较高,|
整个房间都不冷了,|
耗了多少电也没有计,|
送货安排很快,|
没看评价就买了,|
小电器没法上门修,|
一直没人回复,|
应该不会冷,|
无法拍照,|
性能一样,|
所以我想了想还是要退货,|
好久了才来评价,|
联系了客服态度超好,|
我相信你这种态度会让很多用户不舒服,|
老妈说效果还可以,|
买过手机、手环等,|
外观设计时尚大方,|
离开平面就自动断电,|
一打开整个房间都是塑料味道,味道
以前空调正常开两个月下来最多5、600的电费,产品功耗
谢谢江河客服,|
颜值还比较高,|
仍然可联系客服退差价,|
取暖效果：温度刚好,制热效果
最重要的是升温效果可以,|
解决问题还是比较给力的,|
不过这次买的商标上没标注生产日期,|
要垫凳子,|
外观设计：我见到过的油汀基本都是这个造型,|
今天收获,|
买来发现惊喜啊,|
目前没感觉有噪音安全设计：安装的时候看了一下里面就些丝状的东西,|
我也真是无语了,|
真厉害,|
晚上用声音有点大,|
不过只能放在卧室用,|
不到一个月这个用了*,|
颜值和功能担当,|
宝贝换尿不湿时候开着,|
好货杠杠的五分,|
大牌取暖器很好用,|
客服立夏也很热情nice 服务很好,|
重鸭运费自理不合算鸭,|
超乎想象的美好,|
温度一会都上来了,|
西安这两天晚上开一档房间就很热,|
感觉比空调都管用,|
有小朋友的更危险,|
2.预热太慢,|
春节假期送货也很快,|
家里好多天没见太阳了,|
245度,|
而且价格也公道,|
造型考虑了多种用途,|
耗电情况：电耗有点高,产品功耗
安全设计：安全这个要说一句,|
只是我家房间太大,|
倒了自动断电,|
主要是家里没有安装暖气片,|
售后方面也很到家,|
赶紧买了这个,|
冷暖两用3+1档温度,|
开了一会会,|
不开窗就是很臭,|
美观非常满意,|
关键家里有小宝随时要出门玩的,|
最后机器长度有点长,|
不会有危险的,|
不太习惯,|
取暖性太一般,|
打开试一下,|
油酊刚刚好,|
运行期间一点声音都没有,|
外观设计：13片专利热浪取暖器,|
物流快递也很快,|
抱着试试看的心态买的,|
20多平一点都不暖和,制热范围
有了这个很快烘干了,|
买来还不到4天,|
小范围取暖可以,|
直接嘲讽客户讲20块是好多钱,|
知道能穿着秋裤在房间里浪,|
米家东西外观简洁大方,|
取暖效果：多档可选,|
***300块钱的东西我承担200运费还退**呢,|
看着小,|
好顶赞,|
随便就断了,|
遥控器不送电池,|
真正的速热,制热效果
只有周围有温度,|
艾美特质量好,|
就上面出风,|
觉得推荐京造那款,|
刚开始直接来高档的,|
特意买了白色,|
很合用,|
静音效果：有噼里啪啦的声音,声音
冬天用了两个月,|
能正常使用,|
亦可赛艇,|
今天试用,|
再来追评,|
看朋友家在用这个,|
用了一上午真的很不错,|
已经用了一个了,|
从试用情况来看还满意,|
10平方内使用够了,|
后来价格长上去了,|
买来准备宝宝出生后给她洗澡用的,|
商品未在身边,|
物流很给力,|
感谢京东这样的爱心平台??,|
没用这个之前,|
毕竟是吹风型,|
好用实惠又不贵,|
就是遥控器没有显示,|
*块钱很暖和,制热效果
就是过于耗电,产品功耗
不能洗澡,|
一款可以远程,|
一個使用上,|
性能好也安全,|
现在湖南常德才几度好吗,|
取暖效果：常,|
想房间暖和1得密封,制热效果
小房间用适合,|
冬天下雨天宝宝衣服不好干时还可以烘干衣服,衣物烘干
这次买来估计用不了多久了,|
温度没有想下的那么高,|
包装都没拆,|
如果不是平视的话基本算是没得光源亮度,|
外观设计很美哦,|
用了几天了感觉还不错,|
外观设计：东西小取暖效果：可以其他特色：快递不错送货上门,|
马上要睡着了,|
然后现在双十一价格出来了,|
真是骚操作,|
看着比较小巧功能强大,|
399那款因为缺货没有买到,|
很好用家里有宝宝特别实用,|
身边的朋友都有介绍此款,|
退款不退,|
耗电情况：耗电这个东西也没法测,产品功耗
花了多少钱,|
十几分钟房间就能感觉到温温的,|
今年有了宝宝,|
根本没有解决,|
第一档冷风基本用不上,|
取暖烘衣服两不误,|
还凑合还凑合还凑合还凑合还凑合还凑合还凑合还凑合还凑合还凑合还凑合还凑合还凑合还凑合还凑合还凑合还凑合还凑合还凑合还凑合还凑合还凑合还凑合还凑合还凑合还凑合,|
打开10分钟就能感觉到房间里热乎乎的,|
怕起火,|
相信格力的大品牌不会有什么问题,|
包装的很好不易损坏,|
按客服提示换了放向也一样,|
并且物流还慢,|
之后追加,|
没有噪声,|
安全设计：有待提高,|
但五星好评不会迟到,|
问了三天客服会不会用一段时间就好了,|
有风扇设计所致,|
买了这个油汀,|
不错非常感谢京东快递小哥不错非常感谢京东快递小哥,|
颜值也比较高,|
耗电情况：目前不太清楚,产品功耗
电暖器的质量很好的哦非常好,|
试用中后期再最追评,|
物料也非常的快呢,|
我再点几天看看,|
颜色高端,|
真的是很不错,|
外观设计：美观就是有点大,|
最近五年在深圳,|
开起来的时候有点啪啪的响声,声音
最后只有拿螺丝刀了,|
太失望了??太失望了,|
取暖效果：高效,|
整体效果较为舒适,|
还是比较优惠的了,|
其他的都没用,|
天气还挺热,|
我是有点大所以不是很暖和,制热效果
还贴心的送了加湿器,|
看京东上面价格也合适,|
四个风档,|
平时房间小,|
好点赞,|
还会给你好评,|
还没有测算电费,产品功耗
很静音安全设计：没发现有安全隐患,|
收到取暖器就试了一下,|
结果209变179,|
卧室效果不比空调取暖差,|
暖和给力,制热效果
如果有遥控器的话更好,|
其他特色：有自动转头功能,|
很多商家拉我刷好评,|
以后刚开时就用最大档,|
静音效果：没听出来有声音,|
感觉很心疼电费,产品功耗
孩子的衣服冬天也不担心干不了了,|
外壳一点都不烫,|
但是空调是很浪费电的,产品功耗
温度上升还不错,|
还是会很冷,|
坏了只修不换,|
冬季卧室值得拥有,|
答应我,|
这是买的第二个电暖器,|
拍下价格502.55元（详见图1）,|
取暖效果：五六平方的空间,|
等用了在追评,|
简约风,|
这次是给朋友推荐,|
估计也就到10&deg,|
而且广告说的防烫呢,|
没什么用到,制热效果
第一次开始用的时候有点味道,味道
价格实惠便宜,|
顺眼,|
温度控制在35度,|
电源线着实太短了一些,|
整个房间升温一般,|
真麻烦,|
取暖效果：家人用了,|
用了几天发现制热效果真快,|
精美之物实用方便,|
垃圾产品垃圾客服,|
挺温暖的,|
婆婆直夸我买的好,|
最后是客服小白给将诶绝了问题,|
他蛮横地很,|
哈哈很好一直在喝这个牌子的牛奶宝贝也很喜欢喝总之生活用品食品啊都在京东上买了快递很给力很方便产品也便宜真的是太好了我爱京东购物太好了太方便了油盐酱醋茶想买什么有什么大的赞赞赞??米面粮衣服鞋你想买啥就有啥哈哈哈哈哈哈哈哈,|
垃圾电商,|
我根本不是不理由好不好,|
其他特色：看了很多种,|
其他特色：用过之后才知道,|
高档还行,|
30天内返差价,|
很满意物流也很给力??,|
而且温暖没什么感觉吧,|
一个月用了400块电费,产品功耗
拼多多才430元,|
谢谢京东给我们非常时期带来实惠的价格,|
有配遥控器,|
领导们要奖励快递小哥,|
宣传不实,|
16平米的房间开2小时能暖十几度,|
除了运费险报销10元,|
相当好用,|
而且这款还是升降的,|
又可以触控又可以遥控返,|
京东自营棒棒哒,|
静音效果：无光无声音,|
素雅,|
断电后有响声,声音
还是没有那种小小的热风机好用,|
有点掉漆,|
外观设计时尚、白色干净大方百搭、加热快、没有噪音、有加湿盒和烘干架、晾个袜子啥的很实用,制热效果/声音
比空调差不了多少,|
可以晾尿布,|
24小时开着平均下来一小时2度电,|
格力电器质量还是顶呱呱的,|
使用了几天才来评价的,|
加湿打开,|
效果出色,|
三十分钟后房间的制热还不明显,|
昨天才拿卧室用,|
上面的烘干架坏掉的,|
外观设计：比一般的要骚猪一点,|
刚收到货的时候发现有磕碰,|
第二天上午就到了,|
放在踢脚线旁边不占地方,体积大小
取暖器已经试用过了,|
开一会儿整个房间就暖和了,制热效果
弄好设置,|
外观材质：高到160成人膝盖附近,|
主卧大概二十几平,|
18平方卧室升温明显,|
晚上到家就热了,|
如果有超级差评价我真的想给,|
这样空气也没那么干了,|
不走心的商家,|
老老实实用空调,|
为我驱散了冬天的寒冷,|
懒得麻烦就没退货了,|
发现是电暖器的问题,|
还没看到,|
